url,text,emails_found
https://www.cozymeal.com/austin/cooking-classes,Website,
http://thai-fresh.com/,Website,wixofday@wix.com wixofday@wix.com
https://www.cozymeal.com/austin/cooking-classes/sushi-making,Sushi Making Classes Austin | Cozymealhttps://www.cozymeal.com › Austin › Cooking Classes,
https://faradayskitchenstore.com/pages/cooking-classes-in-austin,"Cooking Classes & Private Culinary Events - Austin, Texas ...https://faradayskitchenstore.com › pages › cooking-clas...",info@faradayskitchenstore.com
https://www.bakeaustin.com/,Bake Austin - Bake Austin | Virtual kids culinary schoolhttps://www.bakeaustin.com,9978277bakeaustin@gmail.com
https://www.yelp.com/search?find_desc=cooking+classes&find_loc=Austin%2C+TX,"Top 10 Best Cooking Classes in Austin, TX - Last Updated ...https://www.yelp.com › search › find_loc=Austin,+TX",ad_marker@2x.png ad_marker_highlighted@2x.png ad_marker@2x.png ad_marker_highlighted@2x.png ad_marker@2x.png ad_marker_highlighted@2x.png current_location_dot@2x.png current_location_dot@2x.png
https://www.eventbrite.com/e/demo-dine-meatless-mole-tickets-153495209303,Demo & Dine: Meatless & Mole,
https://www.eventbrite.com/e/make-take-a-new-spin-on-pierogi-tickets-153490930505,Make & Take: A New Spin on ...,
https://www.eventbrite.com/e/make-take-asian-dumplings-tickets-153494481125,Make & Take: Asian Dumplings,
https://www.eventbrite.com/d/tx--austin/cooking-classes/,"Austin, TX Cooking Classes | Eventbritehttps://www.eventbrite.com › tx--austin › cooking-classes",sales@eventbrite.com press@eventbrite.com charity@eventbrite.com orders@eventbrite.com installments@eventbrite.com ebhelp@eventbrite.com nonprofit@eventbrite.com
https://www.chowhound.com/post/good-chinese-cooking-classes-austin-713574,Any Good Chinese Cooking Classes in Austin? - Restaurants ...https://www.chowhound.com › ... › Austin › Chinese,
http://westlakechineseacademy.org/summer-camp/,Chinese Cooking and Arts Summer Camps | Westlake ...http://westlakechineseacademy.org › summer-camp,atyang.wang@westlakechineseacademy.org intensive.mandarin.class@gmail.comor
https://www.classpop.com/austin/cooking-classes/asian,Asian Cooking Classes in Austin | Classpop!https://www.classpop.com › Austin › Cooking Classes,
https://www.cozymeal.com/austin/cooking-classes/asian,Asian Cooking Classes Austin | Cozymealhttps://www.cozymeal.com › Austin › Cooking Classes,
https://www.cozymeal.com/cooking-class/12097/thai-street-food-staples,Thai Street Food Staples,
https://www.cozymeal.com/downtown-austin/cooking-classes/asian,Asian Cooking Classes Downtown Austin | Cozymealhttps://www.cozymeal.com › ... › Cooking Classes,
https://www.cuiline.com/cooking-classes/thai,"Thai Cooking Classes | Online, Authentic & Fun — CuilineAd·https://www.cuiline.com/Why this ad?",
https://theeffortlesschic.com/spicy-glass-noodle-salad-recipe/,"Spicy Glass Noodle Salad RecipeThe Effortless ChicNo reviews10 minDried bean thread, soy sauce, soy bean protein, palm sugar, lime juice",
https://camillestyles.com/food/join-us-live-to-cook-coconut-soup-with-thai-fresh-and-grab-the-recipe-right-here/,"Thai Fresh Coconut Soup (Tom Kha Kai)Camille StylesNo reviews1 hr 15 minCoconut milk, oyster mushrooms, soy sauce, fried tofu, kaffir lime leaves",
https://www.templeofthai.com/cooking/thai-cooking-class.php,Thai Cooking Class | Temple of Thaihttps://www.templeofthai.com › cooking › thai-cooking...,supatra@supatra.com.
https://marymakesgood.com/2016/03/great-places-to-take-cooking-classes-in-austin-texas.html,Eight Fantastic Places to Take Cooking Classes in Austin ...https://marymakesgood.com › Blog,
https://www.classpop.com/austin/cooking-classes/thai,Thai Cooking Classes in Austin | Classpop!https://www.classpop.com › Austin › Cooking Classes,
https://www.yelp.com/search?find_desc=thai+cooking+class&find_loc=Austin%2C+TX,"Top 10 Best Thai Cooking Class in Austin, TX - Last Updated ...https://www.yelp.com › search › find_loc=Austin,+TX",ad_marker@2x.png ad_marker_highlighted@2x.png current_location_dot@2x.png current_location_dot@2x.png ad_marker@2x.png ad_marker_highlighted@2x.png ad_marker@2x.png ad_marker_highlighted@2x.png
https://www.cozymeal.com/downtown-austin/cooking-classes/thai,Thai Cooking Classes Downtown Austin | Cozymealhttps://www.cozymeal.com › ... › Cooking Classes,
https://www.cozymeal.com/austin/cooking-classes/thai,Thai Cooking Classes Austin | Cozymealhttps://www.cozymeal.com › Austin › Cooking Classes,
https://www.thai-fresh.com/cookingclass,Thai Cooking Classes - Thai Fresh Austinhttps://www.thai-fresh.com › cookingclass,wixofday@wix.com wixofday@wix.com
https://austin.eater.com/2020/3/20/21188794/coronavirus-austin-restaurants-virtual-classes,Austin Restaurants Host Virtual Classes and Remote Happy ...https://austin.eater.com › coronavirus-austin-restaurants...,
https://www.austin360.com/foodanddining/20200423/austin-chefs-connecting-with-home-cooks-through-online-classes,Austin chefs connecting with home cooks through online classeshttps://www.austin360.com › foodanddining › austin-c...,
https://www.groupon.com/deals/cooking-classes-by-golden-apron-7-austin,Sushi-Making Classes by Classpop! | Grouponhttps://www.groupon.com › ... › Cooking Classes,
https://www.thumbtack.com/tx/austin/sushi-cooking-classes/,"The 10 Best Sushi Cooking Classes in Austin, TX (with Free ...https://www.thumbtack.com › TX › Austin",
https://www.dabble.co/austin/sushi/classes/roll-your-own-sushi-and-more-with-freda-s-kitchen,Sushi Classes Austin - Roll Your Own Sushi and More! | Dabblehttps://www.dabble.co › austin › roll-your-own-sushi-a...,hello@dabble.co
http://www.sushi-a-go-go-austin.com/?page_id=157,"Sushi Rolls | Austin, TX » Sushi Classes - Sushi-A-Go-Gohttp://www.sushi-a-go-go-austin.com › ...",
https://www.classpop.com/cooking-class/122/japanese-sushi-from-scratch,Cooking Class - Japanese Sushi From Scratch - Austin ...https://www.classpop.com › Austin › Cooking Classes,
https://www.austin360.com/entertainmentlife/20190926/heres-where-to-find-hands-on-sushi-making-classes-in-east-austin-even-if-youre-vegan,Here's where to find hands-on sushi-making classes in East ...https://www.austin360.com › entertainmentlife › heres-...,
https://www.yelp.com/search?find_desc=sushi+making+class&find_loc=Austin%2C+TX,"Top 10 Best Sushi Making Class in Austin, TX - Last Updated ...https://www.yelp.com › search › find_loc=Austin,+TX",ad_marker@2x.png ad_marker_highlighted@2x.png ad_marker@2x.png ad_marker_highlighted@2x.png ad_marker@2x.png ad_marker_highlighted@2x.png current_location_dot@2x.png current_location_dot@2x.png
https://www.urokoaustin.com/,"Uroko: Temaki, Omakase, & Sushi Classes in Austin, Texashttps://www.urokoaustin.com",info@urokoaustin.com. Usinfo@urokoaustin.com512-520-4004
https://www.cozymeal.com/team-building/9280/sharpening-sushi-skills,Sharpening Sushi Skills,
https://www.cozymeal.com/cooking-class/12098/handmade-sushi-techniques,Handmade Sushi Techniques,
https://marymakesgood.com/2018/02/eight-fantastic-places-to-take-cooking-classes-in-austin-texas.html,"Where to Take Cooking Classes in Austin, Texas » Mary ...https://marymakesgood.com › Travel › Austin Texas",
https://www.austinchronicle.com/food/2019-08-30/16-austin-cooking-classes-to-spice-up-your-kitchen/,16 Austin Cooking Classes to Spice Up Your Kitchen: Brush ...https://www.austinchronicle.com › food › 16-austin-co...,food@austinchronicle.com
https://www.fearlesscaptivations.com/take-a-culinary-class-in-austin-texas/,Best Culinary and Cooking Classes in Austin - 2021 City Guidehttps://www.fearlesscaptivations.com › take-a-culinary-...,
https://www.gatherandforge.com/cooking-lessons,Private Home Cooking Lessons in Austin | Gather and Forgehttps://www.gatherandforge.com › cooking-lessons,Gatherandforge@gmail.com
https://www.cozymeal.com/austin/cooking-classes/vegan,Vegan (4),
https://www.cozymeal.com/austin/cooking-classes/italian,Italian (21),
https://www.cozymeal.com/austin/cooking-classes/beginner,Beginner (9),
https://www.cozymeal.com/austin/cooking-classes/date-night,Date Night (54),
https://www.cozymeal.com/cooking-class/10767/journey-through-brazil,Journey Through Brazil,
https://www.thespruceeats.com/best-austin-cooking-classes-4788272,The 8 Best Austin Cooking Classes of 2021 - The Spruce Eatshttps://www.thespruceeats.com › best-austin-cooking-cl...,
https://fredaskitchen.com/,Website,
https://www.eastaustinculinarystudio.com/,Website,info@eastaustinculinarystudio.com wixofday@wix.com wixofday@wix.com
